{
    "accuracy": 0.9482758620689655,
    "precision": 0.9506371814092952,
    "recall": 0.9482758620689655,
    "f1_score": 0.9479940318302387
}