{
    "accuracy": 0.8333333333333334,
    "precision": 0.8717948717948718,
    "recall": 0.8333333333333334,
    "f1_score": 0.8249721293199553,
    "auc": 0.9875
}